"seqnames","start","end","width","strand","V4","V5","V6","V7","V8","V9","V10","annotation","geneChr","geneStart","geneEnd","geneLength","geneStrand","geneId","transcriptId","distanceToTSS"
"chrI",1,592,592,"*","macs_SRR500623_SRR500631_Hog1IP_mockIP_KCI_peak_1",65,".",1.98593,8.85609,6.56365,80,"Promoter (<=1kb)",1,335,649,315,1,"YAL069W","YAL069W",0
"chrI",139108,139598,491,"*","macs_SRR500623_SRR500631_Hog1IP_mockIP_KCI_peak_2",66,".",1.55221,8.91078,6.61487,389,"Promoter (<=1kb)",1,137698,138345,648,2,"YAL007C","YAL007C",-763
"chrII",5870,6114,245,"*","macs_SRR500623_SRR500631_Hog1IP_mockIP_KCI_peak_3",108,".",3.05374,13.4282,10.8822,152,"Promoter (<=1kb)",2,5790,6125,336,1,"YBL109W","YBL109W",80
"chrII",292471,292870,400,"*","macs_SRR500623_SRR500631_Hog1IP_mockIP_KCI_peak_4",50,".",1.5833,7.2243,5.04834,310,"Promoter (<=1kb)",2,290681,291865,1185,2,"YBR025C","YBR025C",-606
"chrII",350741,350941,201,"*","macs_SRR500623_SRR500631_Hog1IP_mockIP_KCI_peak_5",68,".",1.75284,9.11101,6.80169,78,"Promoter (<=1kb)",2,351255,351455,201,1,"YBR056W-A","YBR056W-A",-314
"chrII",419144,419846,703,"*","macs_SRR500623_SRR500631_Hog1IP_mockIP_KCI_peak_6",32,".",1.41335,5.21226,3.21099,24,"Promoter (<=1kb)",2,418907,419164,258,2,"YBR085C-A","YBR085C-A",0
"chrII",419895,420141,247,"*","macs_SRR500623_SRR500631_Hog1IP_mockIP_KCI_peak_7",32,".",1.50776,5.27012,3.26348,67,"Promoter (<=1kb)",2,418907,419164,258,2,"YBR085C-A","YBR085C-A",-731
"chrII",420180,420507,328,"*","macs_SRR500623_SRR500631_Hog1IP_mockIP_KCI_peak_8",63,".",1.56162,8.61467,6.33902,230,"Promoter (1-2kb)",2,418907,419164,258,2,"YBR085C-A","YBR085C-A",-1016
"chrII",476886,477310,425,"*","macs_SRR500623_SRR500631_Hog1IP_mockIP_KCI_peak_9",64,".",1.75073,8.72833,6.44478,318,"Promoter (<=1kb)",2,477671,479047,1377,1,"YBR118W","YBR118W",-361
"chrII",560713,561107,395,"*","macs_SRR500623_SRR500631_Hog1IP_mockIP_KCI_peak_10",87,".",1.76394,11.1889,8.7563,145,"Promoter (<=1kb)",2,561634,562764,1131,1,"YBR161W","YBR161W",-527
"chrII",616244,616443,200,"*","macs_SRR500623_SRR500631_Hog1IP_mockIP_KCI_peak_11",26,".",1.43453,4.56503,2.63446,96,"Promoter (<=1kb)",2,615203,615856,654,2,"YBR197C","YBR197C",-388
"chrII",680373,680585,213,"*","macs_SRR500623_SRR500631_Hog1IP_mockIP_KCI_peak_12",56,".",1.66636,7.82273,5.6021,71,"Promoter (<=1kb)",2,680362,680562,201,1,"YBR230W-A","YBR230W-A",11
"chrII",798170,798411,242,"*","macs_SRR500623_SRR500631_Hog1IP_mockIP_KCI_peak_13",20,".",1.39493,3.92626,2.07564,18,"Promoter (<=1kb)",2,796798,798522,1725,2,"YBR296C","YBR296C",111
"chrIII",82380,82608,229,"*","macs_SRR500623_SRR500631_Hog1IP_mockIP_KCI_peak_14",135,".",2.29871,16.1808,13.5194,166,"Promoter (<=1kb)",3,81570,82085,516,2,"YCL022C","YCL022C",-295
"chrIII",138766,139013,248,"*","macs_SRR500623_SRR500631_Hog1IP_mockIP_KCI_peak_15",13,".",1.24291,3.0109,1.30813,0,"Promoter (<=1kb)",3,138402,139049,648,2,"YCR013C","YCR013C",36
"chrIII",163609,163947,339,"*","macs_SRR500623_SRR500631_Hog1IP_mockIP_KCI_peak_16",49,".",1.64704,7.15755,4.98651,169,"Promoter (<=1kb)",3,163446,163856,411,2,"YCR025C","YCR025C",0
"chrIII",227897,228101,205,"*","macs_SRR500623_SRR500631_Hog1IP_mockIP_KCI_peak_17",109,".",1.77442,13.5039,10.9541,86,"Promoter (<=1kb)",3,228318,228791,474,1,"YCR063W","YCR063W",-217
"chrIII",295417,295615,199,"*","macs_SRR500623_SRR500631_Hog1IP_mockIP_KCI_peak_18",44,".",1.54274,6.5467,4.4239,156,"Promoter (<=1kb)",3,294439,294705,267,1,"YCR097W-A","YCR097W-A",978
"chrIV",61770,62940,1171,"*","macs_SRR500623_SRR500631_Hog1IP_mockIP_KCI_peak_19",281,".",2.35345,31.2143,28.1042,619,"Promoter (<=1kb)",4,62011,62562,552,1,"YDL221W","YDL221W",0
"chrIV",76793,77180,388,"*","macs_SRR500623_SRR500631_Hog1IP_mockIP_KCI_peak_20",278,".",2.58156,30.9067,27.8024,172,"Promoter (<=1kb)",4,74446,76545,2100,2,"YDL214C","YDL214C",-248
"chrIV",199275,199514,240,"*","macs_SRR500623_SRR500631_Hog1IP_mockIP_KCI_peak_21",40,".",1.54631,6.15563,4.06662,175,"Promoter (<=1kb)",4,198662,199732,1071,2,"YDL144C","YDL144C",218
"chrIV",232611,232864,254,"*","macs_SRR500623_SRR500631_Hog1IP_mockIP_KCI_peak_22",53,".",1.64152,7.50417,5.30668,129,"Promoter (<=1kb)",4,232652,233887,1236,1,"YDL128W","YDL128W",0
"chrIV",342705,342921,217,"*","macs_SRR500623_SRR500631_Hog1IP_mockIP_KCI_peak_23",41,".",1.53443,6.23738,4.14138,131,"Promoter (1-2kb)",4,341619,343985,2367,1,"YDL060W","YDL060W",1086
"chrIV",410173,412198,2026,"*","macs_SRR500623_SRR500631_Hog1IP_mockIP_KCI_peak_24",24,".",1.22924,4.33747,2.43404,1997,"Promoter (<=1kb)",4,411825,413000,1176,1,"YDL022W","YDL022W",0
"chrIV",412970,413337,368,"*","macs_SRR500623_SRR500631_Hog1IP_mockIP_KCI_peak_25",15,".",1.196,3.2636,1.51395,2,"Promoter (<=1kb)",4,413953,414888,936,1,"YDL021W","YDL021W",-616
"chrIV",519688,519895,208,"*","macs_SRR500623_SRR500631_Hog1IP_mockIP_KCI_peak_26",171,".",2.62421,19.9818,17.1888,135,"Promoter (<=1kb)",4,518040,519356,1317,2,"YDR034C-D","YDR034C-C",-332
"chrIV",538172,539875,1704,"*","macs_SRR500623_SRR500631_Hog1IP_mockIP_KCI_peak_27",661,".",4.4497,71.2288,66.1907,964,"Promoter (<=1kb)",4,535192,538467,3276,2,"YDR040C","YDR040C",0
"chrIV",555752,556044,293,"*","macs_SRR500623_SRR500631_Hog1IP_mockIP_KCI_peak_28",64,".",1.60126,8.70406,6.42218,154,"Promoter (<=1kb)",4,555726,556472,747,2,"YDR050C","YDR050C",428
"chrIV",593145,594040,896,"*","macs_SRR500623_SRR500631_Hog1IP_mockIP_KCI_peak_29",51,".",1.45764,7.32078,5.1366,787,"Promoter (<=1kb)",4,593893,596583,2691,1,"YDR074W","YDR074W",0
"chrIV",599920,600409,490,"*","macs_SRR500623_SRR500631_Hog1IP_mockIP_KCI_peak_30",144,".",1.94923,17.0987,14.4036,267,"Promoter (<=1kb)",4,600793,601809,1017,1,"YDR077W","YDR077W",-384
"chrIV",600620,600842,223,"*","macs_SRR500623_SRR500631_Hog1IP_mockIP_KCI_peak_31",44,".",1.42726,6.6178,4.48975,206,"Promoter (<=1kb)",4,600793,601809,1017,1,"YDR077W","YDR077W",0
"chrIV",914069,914592,524,"*","macs_SRR500623_SRR500631_Hog1IP_mockIP_KCI_peak_32",117,".",1.93549,14.2998,11.7148,197,"Promoter (<=1kb)",4,914317,914712,396,2,"YDR224C","YDR224C",120
"chrIV",915812,916106,295,"*","macs_SRR500623_SRR500631_Hog1IP_mockIP_KCI_peak_33",27,".",1.40615,4.73677,2.78659,268,"Promoter (<=1kb)",4,915530,915928,399,1,"YDR225W","YDR225W",282
"chrIV",955034,955251,218,"*","macs_SRR500623_SRR500631_Hog1IP_mockIP_KCI_peak_34",58,".",1.67586,8.06423,5.82657,76,"Promoter (<=1kb)",4,955133,955333,201,1,"YDR246W-A","YDR246W-A",0
"chrIV",1075428,1075634,207,"*","macs_SRR500623_SRR500631_Hog1IP_mockIP_KCI_peak_35",144,".",2.05725,17.1071,14.4118,137,"Promoter (<=1kb)",4,1075865,1077853,1989,1,"YDR307W","YDR307W",-231
"chrIV",1201697,1201895,199,"*","macs_SRR500623_SRR500631_Hog1IP_mockIP_KCI_peak_36",136,".",2.0299,16.3172,13.6505,143,"Promoter (<=1kb)",4,1202128,1202397,270,1,"YDR363W-A","YDR363W-A",-233
"chrIV",1461685,1461882,198,"*","macs_SRR500623_SRR500631_Hog1IP_mockIP_KCI_peak_37",75,".",1.76278,9.85707,7.50129,167,"Promoter (<=1kb)",4,1459728,1461554,1827,2,"YDR506C","YDR506C",-131
"chrIV",1466745,1466960,216,"*","macs_SRR500623_SRR500631_Hog1IP_mockIP_KCI_peak_38",27,".",1.42006,4.67368,2.73087,192,"Promoter (<=1kb)",4,1462358,1465786,3429,2,"YDR507C","YDR507C",-959
"chrIV",1489226,1489938,713,"*","macs_SRR500623_SRR500631_Hog1IP_mockIP_KCI_peak_39",51,".",1.52908,7.32478,5.14044,495,"Promoter (<=1kb)",4,1489598,1489798,201,2,"YDR524C-B","YDR524C-B",0
"chrIV",1490142,1490514,373,"*","macs_SRR500623_SRR500631_Hog1IP_mockIP_KCI_peak_40",82,".",1.88377,10.6524,8.24994,195,"Promoter (<=1kb)",4,1490596,1490835,240,1,"YDR525W-A","YDR525W-A",-82
"chrIV",1506311,1508575,2265,"*","macs_SRR500623_SRR500631_Hog1IP_mockIP_KCI_peak_41",692,".",3.32904,76.3764,69.293,997,"Promoter (<=1kb)",4,1506606,1507362,757,2,"YDR535C","YDR535C",0
"chrIV",1508763,1508967,205,"*","macs_SRR500623_SRR500631_Hog1IP_mockIP_KCI_peak_42",34,".",1.30865,5.50227,3.47319,55,"Promoter (<=1kb)",4,1508005,1509714,1710,1,"YDR536W","YDR536W",758
"chrIV",1509589,1509900,312,"*","macs_SRR500623_SRR500631_Hog1IP_mockIP_KCI_peak_43",71,".",1.48106,9.50088,7.16765,108,"Promoter (1-2kb)",4,1510902,1511630,729,1,"YDR538W","YDR538W",-1002
"chrV",61822,62024,203,"*","macs_SRR500623_SRR500631_Hog1IP_mockIP_KCI_peak_44",134,".",2.08563,16.1405,13.4807,70,"Promoter (<=1kb)",5,59670,60851,1182,2,"YEL050C","YEL050C",-971
"chrV",79049,79277,229,"*","macs_SRR500623_SRR500631_Hog1IP_mockIP_KCI_peak_45",15,".",1.33555,3.25353,1.50545,1,"Promoter (<=1kb)",5,79636,79977,342,2,"YEL039C","YEL039C",700
"chrV",81903,82145,243,"*","macs_SRR500623_SRR500631_Hog1IP_mockIP_KCI_peak_46",67,".",1.67964,9.08701,6.77927,34,"Promoter (<=1kb)",5,81407,82603,1197,2,"YEL037C","YEL037C",458
"chrV",85023,85874,852,"*","macs_SRR500623_SRR500631_Hog1IP_mockIP_KCI_peak_47",672,".",3.41602,72.4996,67.297,248,"Promoter (<=1kb)",5,85676,86149,474,1,"YEL034W","YEL034W",0
"chrV",86088,86449,362,"*","macs_SRR500623_SRR500631_Hog1IP_mockIP_KCI_peak_48",17,".",1.26258,3.51929,1.72761,4,"Promoter (<=1kb)",5,86179,86598,420,1,"YEL033W","YEL033W",0
"chrV",260831,262329,1499,"*","macs_SRR500623_SRR500631_Hog1IP_mockIP_KCI_peak_49",29,".",1.33631,4.92263,2.95213,70,"Promoter (<=1kb)",5,260933,261046,114,2,"YER053C-A","YER053C-A",0
"chrV",279598,279945,348,"*","macs_SRR500623_SRR500631_Hog1IP_mockIP_KCI_peak_50",29,".",1.29016,4.91085,2.94167,319,"Promoter (<=1kb)",5,278298,279626,1329,2,"YER061C","YER061C",0
"chrV",280162,280424,263,"*","macs_SRR500623_SRR500631_Hog1IP_mockIP_KCI_peak_51",31,".",1.27766,5.10099,3.11114,140,"Promoter (<=1kb)",5,279930,280682,753,2,"YER062C","YER062C",258
"chrV",280479,281633,1155,"*","macs_SRR500623_SRR500631_Hog1IP_mockIP_KCI_peak_52",212,".",1.86316,24.1458,21.2229,158,"Promoter (<=1kb)",5,279930,280682,753,2,"YER062C","YER062C",0
"chrV",281792,282070,279,"*","macs_SRR500623_SRR500631_Hog1IP_mockIP_KCI_peak_53",27,".",1.39824,4.63996,2.70125,199,"Promoter (<=1kb)",5,281710,282366,657,1,"YER063W","YER063W",82
"chrV",282603,282908,306,"*","macs_SRR500623_SRR500631_Hog1IP_mockIP_KCI_peak_54",41,".",1.46034,6.26683,4.16835,143,"Promoter (<=1kb)",5,281710,282366,657,1,"YER063W","YER063W",893
"chrV",311040,311237,198,"*","macs_SRR500623_SRR500631_Hog1IP_mockIP_KCI_peak_55",27,".",1.41822,4.69714,2.75159,18,"Promoter (<=1kb)",5,308413,311199,2787,2,"YER075C","YER075C",0
"chrV",354873,355083,211,"*","macs_SRR500623_SRR500631_Hog1IP_mockIP_KCI_peak_56",104,".",1.75148,12.9371,10.4161,153,"Promoter (<=1kb)",5,355140,355469,330,1,"YER098W","YER097W",-57
"chrV",491307,491543,237,"*","macs_SRR500623_SRR500631_Hog1IP_mockIP_KCI_peak_57",79,".",1.88021,10.3834,7.99618,104,"Promoter (<=1kb)",5,491487,491702,216,1,"YER158W-A","YER158W-A",0
"chrVI",4642,4857,216,"*","macs_SRR500623_SRR500631_Hog1IP_mockIP_KCI_peak_58",60,".",1.99204,8.32243,6.06663,194,"Promoter (<=1kb)",6,5066,5521,456,1,"YFL063W","YFL063W",-209
"chrVI",4907,5294,388,"*","macs_SRR500623_SRR500631_Hog1IP_mockIP_KCI_peak_59",142,".",3.07279,16.8966,14.2085,99,"Promoter (<=1kb)",6,5066,5521,456,1,"YFL063W","YFL063W",0
"chrVI",101329,101543,215,"*","macs_SRR500623_SRR500631_Hog1IP_mockIP_KCI_peak_60",74,".",1.75271,9.81233,7.45959,35,"Promoter (<=1kb)",6,100252,100605,354,2,"YFL019C","YFL019C",-724
"chrVI",106136,107315,1180,"*","macs_SRR500623_SRR500631_Hog1IP_mockIP_KCI_peak_61",15,".",1.2102,3.2772,1.52517,1176,"Promoter (<=1kb)",6,107256,107585,330,1,"YFL014W","YFL014W",0
"chrVI",226624,226819,196,"*","macs_SRR500623_SRR500631_Hog1IP_mockIP_KCI_peak_62",105,".",1.9055,13.0693,10.5419,60,"Promoter (<=1kb)",6,226963,227337,375,1,"YFR036W","YFR036W",-144
"chrVII",22897,23258,362,"*","macs_SRR500623_SRR500631_Hog1IP_mockIP_KCI_peak_63",41,".",1.49351,6.20459,4.11146,127,"Promoter (<=1kb)",7,22304,23203,900,1,"YGL254W","YGL254W",593
"chrVII",24056,24279,224,"*","macs_SRR500623_SRR500631_Hog1IP_mockIP_KCI_peak_64",24,".",1.40872,4.31832,2.41724,117,"Promoter (<=1kb)",7,23935,25395,1461,1,"YGL253W","YGL253W",121
"chrVII",165845,166296,452,"*","macs_SRR500623_SRR500631_Hog1IP_mockIP_KCI_peak_65",139,".",2.07975,16.6009,13.924,174,"Promoter (<=1kb)",7,163409,165091,1683,2,"YGL179C","YGL179C",-754
"chrVII",270998,271818,821,"*","macs_SRR500623_SRR500631_Hog1IP_mockIP_KCI_peak_66",136,".",2.01914,16.2885,13.6227,158,"Promoter (<=1kb)",7,270997,272139,1143,1,"YGL126W","YGL126W",1
"chrVII",287310,287509,200,"*","macs_SRR500623_SRR500631_Hog1IP_mockIP_KCI_peak_67",33,".",1.52486,5.35514,3.34002,163,"Promoter (<=1kb)",7,288014,288451,438,2,"YGL118C","YGL118C",942
"chrVII",346255,346479,225,"*","macs_SRR500623_SRR500631_Hog1IP_mockIP_KCI_peak_68",65,".",1.59073,8.87824,6.58444,69,"Promoter (<=1kb)",7,345836,346201,366,1,"YGL088W","YGL088W",419
"chrVII",385011,385263,253,"*","macs_SRR500623_SRR500631_Hog1IP_mockIP_KCI_peak_69",36,".",1.51455,5.7357,3.68455,225,"Promoter (<=1kb)",7,385196,388732,3537,1,"YGL062W","YGL062W",0
"chrVII",398120,398324,205,"*","macs_SRR500623_SRR500631_Hog1IP_mockIP_KCI_peak_70",38,".",1.60609,5.94068,3.87078,124,"Promoter (<=1kb)",7,398628,400160,1533,1,"YGL055W","YGL055W",-304
"chrVII",476190,476471,282,"*","macs_SRR500623_SRR500631_Hog1IP_mockIP_KCI_peak_71",35,".",1.47293,5.62853,3.5875,160,"Promoter (<=1kb)",7,475545,476069,525,1,"YGL010W","YGL010W",645
"chrVII",479228,480477,1250,"*","macs_SRR500623_SRR500631_Hog1IP_mockIP_KCI_peak_72",52,".",1.47121,7.43989,5.24728,953,"Promoter (<=1kb)",7,476313,478652,2340,2,"YGL009C","YGL009C",-576
"chrVII",480978,483039,2062,"*","macs_SRR500623_SRR500631_Hog1IP_mockIP_KCI_peak_73",51,".",1.4305,7.30135,5.11888,1569,"Promoter (<=1kb)",7,482941,483027,87,2,"YGL007C-A","YGL007C-A",0
"chrVII",483278,483962,685,"*","macs_SRR500623_SRR500631_Hog1IP_mockIP_KCI_peak_74",399,".",2.7413,43.342,39.9805,253,"Promoter (<=1kb)",7,483260,483637,378,1,"YGL007W","YGL007W",18
"chrVII",590830,593822,2993,"*","macs_SRR500623_SRR500631_Hog1IP_mockIP_KCI_peak_75",363,".",2.29562,39.6088,36.3295,952,"Promoter (<=1kb)",7,591314,591877,564,1,"YGR049W","YGR049W",0
"chrVII",594205,594406,202,"*","macs_SRR500623_SRR500631_Hog1IP_mockIP_KCI_peak_76",33,".",1.32379,5.41235,3.39178,154,"Promoter (<=1kb)",7,593596,594705,1110,1,"YGR052W","YGR052W",609
"chrVII",594664,594992,329,"*","macs_SRR500623_SRR500631_Hog1IP_mockIP_KCI_peak_77",63,".",1.51047,8.62047,6.34441,106,"Promoter (<=1kb)",7,594986,595837,852,2,"YGR053C","YGR053C",845
"chrVII",609776,610196,421,"*","macs_SRR500623_SRR500631_Hog1IP_mockIP_KCI_peak_78",99,".",1.91602,12.417,9.92229,239,"Promoter (<=1kb)",7,610564,611493,930,1,"YGR060W","YGR060W",-368
"chrVII",649973,651929,1957,"*","macs_SRR500623_SRR500631_Hog1IP_mockIP_KCI_peak_79",275,".",2.11857,30.6824,27.5834,673,"Promoter (<=1kb)",7,649598,650617,1020,2,"YGR086C","YGR086C",0
"chrVII",653968,655004,1037,"*","macs_SRR500623_SRR500631_Hog1IP_mockIP_KCI_peak_80",41,".",1.34458,6.24249,4.14618,910,"Promoter (<=1kb)",7,654634,656322,1689,1,"YGR088W","YGR088W",0
"chrVII",779556,779774,219,"*","macs_SRR500623_SRR500631_Hog1IP_mockIP_KCI_peak_81",134,".",1.98577,16.1521,13.4917,133,"Promoter (<=1kb)",7,780399,781379,981,1,"YGR144W","YGR144W",-625
"chrVII",781114,781317,204,"*","macs_SRR500623_SRR500631_Hog1IP_mockIP_KCI_peak_82",35,".",1.53692,5.62037,3.58024,97,"Promoter (<=1kb)",7,781767,783890,2124,1,"YGR145W","YGR145W",-450
"chrVII",878670,878865,196,"*","macs_SRR500623_SRR500631_Hog1IP_mockIP_KCI_peak_83",65,".",1.72662,8.88598,6.59164,168,"Promoter (<=1kb)",7,876669,878192,1524,2,"YGR189C","YGR189C",-478
"chrVII",883655,884184,530,"*","macs_SRR500623_SRR500631_Hog1IP_mockIP_KCI_peak_84",95,".",1.88193,12.0037,9.52916,66,"Promoter (<=1kb)",7,882812,883810,999,2,"YGR192C","YGR192C",0
"chrVII",884449,884683,235,"*","macs_SRR500623_SRR500631_Hog1IP_mockIP_KCI_peak_85",45,".",1.56982,6.73343,4.59525,193,"Promoter (<=1kb)",7,882812,883810,999,2,"YGR192C","YGR192C",-639
"chrVII",976190,976574,385,"*","macs_SRR500623_SRR500631_Hog1IP_mockIP_KCI_peak_86",46,".",1.54643,6.82707,4.68166,258,"Promoter (<=1kb)",7,976415,976723,309,1,"YGR242W","YGR242W",0
"chrVII",976776,977517,742,"*","macs_SRR500623_SRR500631_Hog1IP_mockIP_KCI_peak_87",30,".",1.31605,5.07687,3.08969,721,"Promoter (<=1kb)",7,977336,977776,441,1,"YGR243W","YGR243W",0
"chrVII",977747,978060,314,"*","macs_SRR500623_SRR500631_Hog1IP_mockIP_KCI_peak_88",13,".",1.22806,3.05794,1.34576,0,"Promoter (<=1kb)",7,977336,977776,441,1,"YGR243W","YGR243W",411
"chrVII",987318,987633,316,"*","macs_SRR500623_SRR500631_Hog1IP_mockIP_KCI_peak_89",83,".",1.82072,10.7268,8.32025,156,"Promoter (<=1kb)",7,988049,989419,1371,1,"YGR249W","YGR249W",-416
"chrVIII",116050,116249,200,"*","macs_SRR500623_SRR500631_Hog1IP_mockIP_KCI_peak_90",148,".",1.99958,17.6141,14.8999,140,"Promoter (<=1kb)",8,115620,115901,282,2,"YHR005C-A","YHR005C-A",-149
"chrVIII",174477,174820,344,"*","macs_SRR500623_SRR500631_Hog1IP_mockIP_KCI_peak_91",48,".",1.55647,7.02813,4.8672,164,"Promoter (<=1kb)",8,175195,175374,180,1,"YHR032W-A","YHR032W-A",-375
"chrVIII",174857,175776,920,"*","macs_SRR500623_SRR500631_Hog1IP_mockIP_KCI_peak_92",319,".",2.48943,35.1378,31.9468,323,"Promoter (<=1kb)",8,175275,175394,120,2,"YHR032C-A","YHR032C-A",0
"chrVIII",206029,206236,208,"*","macs_SRR500623_SRR500631_Hog1IP_mockIP_KCI_peak_93",30,".",1.51347,5.0378,3.05487,78,"Promoter (<=1kb)",8,206462,207193,732,1,"YHR049W","YHR049W",-226
"chrVIII",279222,280979,1758,"*","macs_SRR500623_SRR500631_Hog1IP_mockIP_KCI_peak_94",183,".",1.73918,21.2022,18.3687,1583,"Promoter (<=1kb)",8,280231,280392,162,1,"YHR086W-A","YHR086W-A",0
"chrVIII",281018,281258,241,"*","macs_SRR500623_SRR500631_Hog1IP_mockIP_KCI_peak_95",28,".",1.25835,4.81233,2.85424,168,"Promoter (<=1kb)",8,280820,281155,336,1,"YHR087W","YHR087W",198
"chrVIII",290566,290912,347,"*","macs_SRR500623_SRR500631_Hog1IP_mockIP_KCI_peak_96",31,".",1.30387,5.0896,3.10067,326,"Promoter (1-2kb)",8,289142,289690,549,1,"YHR093W","YHR093W",1424
"chrVIII",292118,293137,1020,"*","macs_SRR500623_SRR500631_Hog1IP_mockIP_KCI_peak_97",178,".",1.77654,20.6353,17.821,440,"Promoter (<=1kb)",8,290913,292625,1713,2,"YHR094C","YHR094C",0
"chrVIII",293842,295066,1225,"*","macs_SRR500623_SRR500631_Hog1IP_mockIP_KCI_peak_98",171,".",1.99919,19.8955,17.1052,276,"Promoter (<=1kb)",8,292943,293437,495,1,"YHR095W","YHR095W",899
"chrVIII",296685,297412,728,"*","macs_SRR500623_SRR500631_Hog1IP_mockIP_KCI_peak_99",120,".",1.86712,14.6562,12.0567,284,"Promoter (<=1kb)",8,294669,296447,1779,2,"YHR096C","YHR096C",-238
"chrVIII",297946,298221,276,"*","macs_SRR500623_SRR500631_Hog1IP_mockIP_KCI_peak_100",30,".",1.43853,5.07499,3.08801,105,"Promoter (<=1kb)",8,297385,298609,1225,2,"YHR097C","YHR097C",388
"chrVIII",375635,375834,200,"*","macs_SRR500623_SRR500631_Hog1IP_mockIP_KCI_peak_101",33,".",1.49244,5.35764,3.34205,151,"Promoter (<=1kb)",8,375709,377250,1542,1,"YHR137W","YHR137W",0
"chrVIII",556905,557119,215,"*","macs_SRR500623_SRR500631_Hog1IP_mockIP_KCI_peak_102",229,".",4.0485,25.8757,22.9014,70,"Promoter (<=1kb)",8,556581,557042,462,2,"YHR217C","YHR217C",0
"chrIX",54209,54471,263,"*","macs_SRR500623_SRR500631_Hog1IP_mockIP_KCI_peak_103",43,".",1.56587,6.51678,4.39686,113,"Promoter (<=1kb)",9,51759,53708,1950,2,"YIL155C","YIL155C",-501
"chrIX",55327,55525,199,"*","macs_SRR500623_SRR500631_Hog1IP_mockIP_KCI_peak_104",34,".",1.50483,5.43117,3.40867,106,"Promoter (<=1kb)",9,55198,56379,1182,1,"YIL153W","YIL153W",129
"chrIX",82731,82926,196,"*","macs_SRR500623_SRR500631_Hog1IP_mockIP_KCI_peak_105",44,".",1.59035,6.54501,4.42258,44,"Promoter (<=1kb)",9,80510,83041,2532,2,"YIL143C","YIL143C",115
"chrIX",248781,249443,663,"*","macs_SRR500623_SRR500631_Hog1IP_mockIP_KCI_peak_106",195,".",2.18891,22.4707,19.5988,58,"Promoter (<=1kb)",9,247902,248396,495,2,"YIL057C","YIL057C",-385
"chrIX",249563,249888,326,"*","macs_SRR500623_SRR500631_Hog1IP_mockIP_KCI_peak_107",26,".",1.43453,4.56503,2.63446,317,"Promoter (<=1kb)",9,249991,251913,1923,1,"YIL056W","YIL056W",-103
"chrIX",251762,251975,214,"*","macs_SRR500623_SRR500631_Hog1IP_mockIP_KCI_peak_108",25,".",1.41077,4.41915,2.50615,121,"Promoter (1-2kb)",9,249991,251913,1923,1,"YIL056W","YIL056W",1771
"chrIX",253174,254833,1660,"*","macs_SRR500623_SRR500631_Hog1IP_mockIP_KCI_peak_109",586,".",3.12827,62.7576,58.6806,1204,"Promoter (<=1kb)",9,254543,254860,318,1,"YIL054W","YIL054W",0
"chrIX",254869,255573,705,"*","macs_SRR500623_SRR500631_Hog1IP_mockIP_KCI_peak_110",23,".",1.23558,4.27711,2.38111,562,"Promoter (<=1kb)",9,255115,255867,753,1,"YIL053W","YIL053W",0
"chrIX",255773,256167,395,"*","macs_SRR500623_SRR500631_Hog1IP_mockIP_KCI_peak_111",13,".",1.19853,3.0954,1.37584,0,"Promoter (<=1kb)",9,255115,255867,753,1,"YIL053W","YIL053W",658
"chrIX",386176,387117,942,"*","macs_SRR500623_SRR500631_Hog1IP_mockIP_KCI_peak_112",499,".",3.32203,53.6442,49.9622,552,"Promoter (<=1kb)",9,385564,385701,138,2,"YIR018C-A","YIR018C-A",-475
"chrIX",439608,439888,281,"*","macs_SRR500623_SRR500631_Hog1IP_mockIP_KCI_peak_113",138,".",2.25612,16.496,13.8227,245,"Distal Intergenic",9,435273,435983,711,2,"YIR042C","YIR042C",-3625
"chrX",115864,116074,211,"*","macs_SRR500623_SRR500631_Hog1IP_mockIP_KCI_peak_114",136,".",2.00281,16.3181,13.6513,161,"Promoter (<=1kb)",10,113878,115629,1752,2,"YJL162C","YJL162C",-235
"chrX",121918,122195,278,"*","macs_SRR500623_SRR500631_Hog1IP_mockIP_KCI_peak_115",18,".",1.36322,3.67455,1.85891,15,"Promoter (<=1kb)",10,122265,122948,684,2,"YJL158C","YJL158C",753
"chrX",139325,139598,274,"*","macs_SRR500623_SRR500631_Hog1IP_mockIP_KCI_peak_116",108,".",1.82095,13.3601,10.8182,143,"Promoter (<=1kb)",10,140437,141138,702,1,"YJL148W","YJL148W",-839
"chrX",219627,220625,999,"*","macs_SRR500623_SRR500631_Hog1IP_mockIP_KCI_peak_117",156,".",1.8045,18.372,15.632,265,"Promoter (<=1kb)",10,218853,220016,1164,2,"YJL107C","YJL107C",0
"chrX",542894,543107,214,"*","macs_SRR500623_SRR500631_Hog1IP_mockIP_KCI_peak_118",89,".",1.81752,11.3956,8.952,61,"Promoter (<=1kb)",10,541792,542502,711,2,"YJR056C","YJR056C",-392
"chrX",545015,545248,234,"*","macs_SRR500623_SRR500631_Hog1IP_mockIP_KCI_peak_119",35,".",1.50349,5.54515,3.51177,93,"Promoter (<=1kb)",10,544732,545175,444,2,"YJR058C","YJR058C",0
"chrX",703416,703816,401,"*","macs_SRR500623_SRR500631_Hog1IP_mockIP_KCI_peak_120",165,".",2.18853,19.3,16.5283,219,"Promoter (<=1kb)",10,703885,704238,354,1,"YJR147W","YJR146W",-69
"chrX",704022,704354,333,"*","macs_SRR500623_SRR500631_Hog1IP_mockIP_KCI_peak_121",57,".",1.5886,7.92917,5.70075,138,"Promoter (<=1kb)",10,704196,705272,1077,1,"YJR147W","YJR147W",0
"chrX",704834,705297,464,"*","macs_SRR500623_SRR500631_Hog1IP_mockIP_KCI_peak_122",46,".",1.53436,6.74,4.60119,204,"Promoter (<=1kb)",10,705744,706874,1131,1,"YJR148W","YJR148W",-447
"chrX",706069,706277,209,"*","macs_SRR500623_SRR500631_Hog1IP_mockIP_KCI_peak_123",31,".",1.48138,5.17319,3.17563,88,"Promoter (<=1kb)",10,705744,706874,1131,1,"YJR148W","YJR148W",325
"chrX",713530,713780,251,"*","macs_SRR500623_SRR500631_Hog1IP_mockIP_KCI_peak_124",32,".",1.55911,5.21809,3.21644,132,"Promoter (1-2kb)",10,712255,715740,3486,2,"YJR151C","YJR151C",1960
"chrX",745372,745726,355,"*","macs_SRR500623_SRR500631_Hog1IP_mockIP_KCI_peak_125",120,".",3.98515,14.5983,12.0012,176,"Promoter (<=1kb)",10,744911,745261,351,2,"YJR162C","YJR162C",-111
"chrXI",1,405,405,"*","macs_SRR500623_SRR500631_Hog1IP_mockIP_KCI_peak_126",285,".",4.96432,31.6785,28.5585,75,"Promoter (<=1kb)",11,451,798,348,1,"YKL225W","YKL225W",-46
"chrXI",46629,46931,303,"*","macs_SRR500623_SRR500631_Hog1IP_mockIP_KCI_peak_127",97,".",1.68545,12.2063,9.72188,184,"Promoter (<=1kb)",11,47157,47972,816,1,"YKL208W","YKL208W",-226
"chrXI",68338,68544,207,"*","macs_SRR500623_SRR500631_Hog1IP_mockIP_KCI_peak_128",40,".",1.57916,6.14435,4.05615,54,"Promoter (<=1kb)",11,63930,67466,3537,2,"YKL201C","YKL201C",-872
"chrXI",143119,143326,208,"*","macs_SRR500623_SRR500631_Hog1IP_mockIP_KCI_peak_129",41,".",1.61168,6.22939,4.13414,145,"Promoter (<=1kb)",11,141794,142819,1026,2,"YKL164C","YKL164C",-300
"chrXI",162392,162620,229,"*","macs_SRR500623_SRR500631_Hog1IP_mockIP_KCI_peak_130",113,".",1.91349,13.9671,11.3967,81,"Promoter (<=1kb)",11,161601,162335,735,1,"YKL154W","YKL154W",791
"chrXI",163617,163835,219,"*","macs_SRR500623_SRR500631_Hog1IP_mockIP_KCI_peak_131",26,".",1.37648,4.56607,2.63525,150,"Promoter (<=1kb)",11,163600,164109,510,1,"YKL153W","YKL153W",17
"chrXI",259418,259789,372,"*","macs_SRR500623_SRR500631_Hog1IP_mockIP_KCI_peak_132",44,".",1.47587,6.54903,4.42607,53,"Promoter (<=1kb)",11,259253,259531,279,1,"YKL096W-A","YKL096W-A",165
"chrXI",260483,261470,988,"*","macs_SRR500623_SRR500631_Hog1IP_mockIP_KCI_peak_133",94,".",1.54682,11.8805,9.41196,732,"Promoter (<=1kb)",11,261132,261851,720,1,"YKL096W","YKL096W",0
"chrXI",326389,326666,278,"*","macs_SRR500623_SRR500631_Hog1IP_mockIP_KCI_peak_134",21,".",1.32837,4.00592,2.14412,200,"Promoter (<=1kb)",11,325771,326112,342,1,"YKL061W","YKL061W",618
"chrXI",326721,326998,278,"*","macs_SRR500623_SRR500631_Hog1IP_mockIP_KCI_peak_135",23,".",1.33194,4.21848,2.33004,148,"Promoter (<=1kb)",11,326408,327487,1080,2,"YKL060C","YKL060C",489
"chrXI",327965,328326,362,"*","macs_SRR500623_SRR500631_Hog1IP_mockIP_KCI_peak_136",53,".",1.64758,7.54612,5.34565,52,"Promoter (<=1kb)",11,326408,327487,1080,2,"YKL060C","YKL060C",-478
"chrXI",518523,519552,1030,"*","macs_SRR500623_SRR500631_Hog1IP_mockIP_KCI_peak_137",365,".",2.77284,39.844,36.5606,477,"Promoter (<=1kb)",11,518063,518566,504,2,"YKR040C","YKR040C",0
"chrXI",615864,616182,319,"*","macs_SRR500623_SRR500631_Hog1IP_mockIP_KCI_peak_138",24,".",1.42075,4.38089,2.47248,300,"Promoter (<=1kb)",11,615730,617535,1806,1,"YKR093W","YKR093W",134
"chrXI",666330,666816,487,"*","macs_SRR500623_SRR500631_Hog1IP_mockIP_KCI_peak_139",188,".",2.88871,21.7027,18.853,266,"Distal Intergenic",11,661442,663289,1848,1,"YKR106W","YKR106W",4888
"chrXII",95352,95690,339,"*","macs_SRR500623_SRR500631_Hog1IP_mockIP_KCI_peak_140",57,".",1.577,7.96749,5.73657,294,"Promoter (<=1kb)",12,94747,95121,375,1,"YLL025W","YLL025W",605
"chrXII",230260,230504,245,"*","macs_SRR500623_SRR500631_Hog1IP_mockIP_KCI_peak_141",35,".",1.49062,5.58674,3.54957,64,"Promoter (<=1kb)",12,229966,230451,486,2,"YLR042C","YLR042C",0
"chrXII",230778,231046,269,"*","macs_SRR500623_SRR500631_Hog1IP_mockIP_KCI_peak_142",59,".",1.63629,8.16854,5.92311,117,"Promoter (<=1kb)",12,229966,230451,486,2,"YLR042C","YLR042C",-327
"chrXII",367972,368412,441,"*","macs_SRR500623_SRR500631_Hog1IP_mockIP_KCI_peak_143",62,".",1.62693,8.55829,6.28657,270,"Promoter (<=1kb)",12,366667,368124,1458,2,"YLR108C","YLR108C",0
"chrXII",369864,370209,346,"*","macs_SRR500623_SRR500631_Hog1IP_mockIP_KCI_peak_144",18,".",1.2341,3.67613,1.8604,28,"Promoter (<=1kb)",12,369697,370098,402,2,"YLR110C","YLR110C",0
"chrXII",370575,370904,330,"*","macs_SRR500623_SRR500631_Hog1IP_mockIP_KCI_peak_145",120,".",1.88166,14.601,12.0038,137,"Promoter (<=1kb)",12,370791,371210,420,1,"YLR112W","YLR112W",0
"chrXII",448550,448799,250,"*","macs_SRR500623_SRR500631_Hog1IP_mockIP_KCI_peak_146",314,".",2.67212,34.6643,31.4826,87,"Promoter (<=1kb)",12,447982,448314,333,2,"YLR154C","YLR154C",-236
"chrXII",449372,449938,567,"*","macs_SRR500623_SRR500631_Hog1IP_mockIP_KCI_peak_147",109,".",2.06666,13.4967,10.9472,278,"Promoter (1-2kb)",12,447982,448314,333,2,"YLR154C","YLR154C",-1058
"chrXII",784305,784500,196,"*","macs_SRR500623_SRR500631_Hog1IP_mockIP_KCI_peak_148",69,".",1.73222,9.25365,6.93602,144,"Promoter (<=1kb)",12,784913,786118,1206,1,"YLR328W","YLR328W",-413
"chrXII",827039,827565,527,"*","macs_SRR500623_SRR500631_Hog1IP_mockIP_KCI_peak_149",114,".",1.89852,13.9843,11.4133,216,"Promoter (<=1kb)",12,827521,828027,507,1,"YLR349W","YLR349W",0
"chrXII",953369,953988,620,"*","macs_SRR500623_SRR500631_Hog1IP_mockIP_KCI_peak_150",31,".",1.38676,5.1475,3.15271,513,"Promoter (<=1kb)",12,953353,954144,792,2,"YLR414C","YLR414C",156
"chrXII",954049,954824,776,"*","macs_SRR500623_SRR500631_Hog1IP_mockIP_KCI_peak_151",160,".",2.12597,18.818,16.0626,441,"Promoter (<=1kb)",12,953353,954144,792,2,"YLR414C","YLR414C",0
"chrXII",954963,955236,274,"*","macs_SRR500623_SRR500631_Hog1IP_mockIP_KCI_peak_152",67,".",1.72095,9.0757,6.76874,165,"Promoter (<=1kb)",12,955010,956710,1701,1,"YLR417W","YLR417W",0
"chrXII",975929,976130,202,"*","macs_SRR500623_SRR500631_Hog1IP_mockIP_KCI_peak_153",190,".",2.76508,21.9366,19.0803,129,"Promoter (2-3kb)",12,973395,975521,2127,1,"YLR424W","YLR424W",2534
"chrXII",1064787,1065262,476,"*","macs_SRR500623_SRR500631_Hog1IP_mockIP_KCI_peak_154",139,".",2.44926,16.6384,13.9604,221,"Promoter (<=1kb)",12,1065956,1066564,609,1,"YLR462W","YLR462W",-694
"chrXIII",183822,184019,198,"*","macs_SRR500623_SRR500631_Hog1IP_mockIP_KCI_peak_155",94,".",1.78909,11.9026,9.4328,158,"Promoter (<=1kb)",13,184461,185783,1323,1,"YML045W","YML045W-A",-442
"chrXIII",220083,220284,202,"*","macs_SRR500623_SRR500631_Hog1IP_mockIP_KCI_peak_156",28,".",1.45547,4.81981,2.8608,63,"Promoter (<=1kb)",13,220138,220728,591,1,"YML028W","YML028W",0
"chrXIII",306528,307055,528,"*","macs_SRR500623_SRR500631_Hog1IP_mockIP_KCI_peak_157",151,".",2.11905,17.899,15.1751,215,"Promoter (<=1kb)",13,307489,308682,1194,1,"YMR017W","YMR017W",-434
"chrXIII",321090,321291,202,"*","macs_SRR500623_SRR500631_Hog1IP_mockIP_KCI_peak_158",68,".",1.74631,9.18696,6.87295,50,"Promoter (<=1kb)",13,319437,321017,1581,2,"YMR023C","YMR023C",-73
"chrXIII",346716,347933,1218,"*","macs_SRR500623_SRR500631_Hog1IP_mockIP_KCI_peak_159",592,".",3.198,63.3204,59.2027,601,"Promoter (<=1kb)",13,344403,346517,2115,2,"YMR037C","YMR037C",-199
"chrXIII",347999,348319,321,"*","macs_SRR500623_SRR500631_Hog1IP_mockIP_KCI_peak_160",92,".",1.80198,11.7011,9.2424,184,"Promoter (<=1kb)",13,347511,348260,750,2,"YMR038C","YMR038C",0
"chrXIII",350313,350673,361,"*","macs_SRR500623_SRR500631_Hog1IP_mockIP_KCI_peak_161",55,".",1.64782,7.74015,5.52543,287,"Promoter (<=1kb)",13,350381,350863,483,1,"YMR040W","YMR040W",0
"chrXIII",353051,353304,254,"*","macs_SRR500623_SRR500631_Hog1IP_mockIP_KCI_peak_162",35,".",1.56169,5.56056,3.52587,70,"Promoter (<=1kb)",13,352603,353136,534,1,"YMR042W","YMR042W",448
"chrXIII",408128,409029,902,"*","macs_SRR500623_SRR500631_Hog1IP_mockIP_KCI_peak_163",497,".",3.08425,53.4228,49.7452,439,"Promoter (<=1kb)",13,409154,410626,1473,1,"YMR070W","YMR070W",-125
"chrXIII",409067,409290,224,"*","macs_SRR500623_SRR500631_Hog1IP_mockIP_KCI_peak_164",39,".",1.42994,5.98054,3.90727,203,"Promoter (<=1kb)",13,409154,410626,1473,1,"YMR070W","YMR070W",0
"chrXIII",433261,433704,444,"*","macs_SRR500623_SRR500631_Hog1IP_mockIP_KCI_peak_165",87,".",1.86899,11.2205,8.78637,294,"Promoter (1-2kb)",13,434788,435915,1128,1,"YMR083W","YMR083W",-1084
"chrXIII",511605,512065,461,"*","macs_SRR500623_SRR500631_Hog1IP_mockIP_KCI_peak_166",14,".",1.28209,3.23404,1.48949,2,"Promoter (<=1kb)",13,511315,511569,255,1,"YMR122W-A","YMR122W-A",290
"chrXIII",557394,557687,294,"*","macs_SRR500623_SRR500631_Hog1IP_mockIP_KCI_peak_167",23,".",1.37269,4.23558,2.34489,255,"Promoter (<=1kb)",13,557481,558524,1044,2,"YMR146C","YMR146C",837
"chrXIII",601059,601565,507,"*","macs_SRR500623_SRR500631_Hog1IP_mockIP_KCI_peak_168",142,".",2.1694,16.9753,14.2841,246,"Promoter (<=1kb)",13,599352,600872,1521,2,"YMR169C","YMR169C",-187
"chrXIII",653362,653557,196,"*","macs_SRR500623_SRR500631_Hog1IP_mockIP_KCI_peak_169",30,".",1.48201,5.05771,3.07288,23,"Promoter (<=1kb)",13,652912,653136,225,2,"YMR194C-A","YMR194C-A",-226
"chrXIII",772934,773255,322,"*","macs_SRR500623_SRR500631_Hog1IP_mockIP_KCI_peak_170",29,".",1.4397,4.93125,2.95984,137,"Promoter (<=1kb)",13,772915,774015,1101,1,"YMR251W","YMR251W",19
"chrXIII",773316,774735,1420,"*","macs_SRR500623_SRR500631_Hog1IP_mockIP_KCI_peak_171",14,".",1.23448,3.1612,1.43012,1418,"Promoter (<=1kb)",13,774752,774931,180,1,"YMR251W-A","YMR251W-A",-17
"chrXIII",775030,775249,220,"*","macs_SRR500623_SRR500631_Hog1IP_mockIP_KCI_peak_172",21,".",1.25599,4.01953,2.15616,4,"Promoter (<=1kb)",13,774752,774931,180,1,"YMR251W-A","YMR251W-A",278
"chrXIII",818103,818323,221,"*","macs_SRR500623_SRR500631_Hog1IP_mockIP_KCI_peak_173",26,".",1.43785,4.58282,2.65034,95,"Promoter (<=1kb)",13,815651,818581,2931,2,"YMR275C","YMR275C",258
"chrXIII",911428,911728,301,"*","macs_SRR500623_SRR500631_Hog1IP_mockIP_KCI_peak_174",39,".",1.52759,5.99346,3.91911,153,"Promoter (<=1kb)",13,911061,912143,1083,2,"YMR318C","YMR318C",415
"chrXIII",915077,915346,270,"*","macs_SRR500623_SRR500631_Hog1IP_mockIP_KCI_peak_175",37,".",1.63627,5.79509,3.7384,211,"Promoter (<=1kb)",13,912880,914538,1659,2,"YMR319C","YMR319C",-539
"chrXIV",6670,6887,218,"*","macs_SRR500623_SRR500631_Hog1IP_mockIP_KCI_peak_176",129,".",3.05575,15.592,12.9551,51,"Promoter (<=1kb)",14,6561,6719,159,1,"YNL338W","YNL338W",109
"chrXIV",89175,89588,414,"*","macs_SRR500623_SRR500631_Hog1IP_mockIP_KCI_peak_177",62,".",1.60859,8.49637,6.22852,359,"Promoter (<=1kb)",14,90303,91424,1122,1,"YNL288W","YNL288W",-715
"chrXIV",112264,112817,554,"*","macs_SRR500623_SRR500631_Hog1IP_mockIP_KCI_peak_178",54,".",1.58214,7.61297,5.40776,242,"Promoter (<=1kb)",14,113271,116453,3183,1,"YNL278W","YNL278W",-454
"chrXIV",273521,273945,425,"*","macs_SRR500623_SRR500631_Hog1IP_mockIP_KCI_peak_179",46,".",1.5764,6.75262,4.61291,315,"Promoter (<=1kb)",14,272710,273615,906,2,"YNL194C","YNL194C",0
"chrXIV",275851,277411,1561,"*","macs_SRR500623_SRR500631_Hog1IP_mockIP_KCI_peak_180",174,".",2.10251,20.2814,17.4783,174,"Promoter (<=1kb)",14,276502,279897,3396,1,"YNL192W","YNL192W",0
"chrXIV",279591,279960,370,"*","macs_SRR500623_SRR500631_Hog1IP_mockIP_KCI_peak_181",30,".",1.44641,5.08372,3.09571,89,"Promoter (<=1kb)",14,280432,281505,1074,1,"YNL191W","YNL191W",-472
"chrXIV",299959,301699,1741,"*","macs_SRR500623_SRR500631_Hog1IP_mockIP_KCI_peak_182",196,".",2.30041,22.557,19.6822,1184,"Promoter (<=1kb)",14,300666,301103,438,2,"YNL179C","YNL179C",0
"chrXIV",301739,302396,658,"*","macs_SRR500623_SRR500631_Hog1IP_mockIP_KCI_peak_183",328,".",2.72219,36.0787,32.8705,362,"Promoter (<=1kb)",14,302680,303402,723,1,"YNL178W","YNL178W",-284
"chrXIV",303100,303423,324,"*","macs_SRR500623_SRR500631_Hog1IP_mockIP_KCI_peak_184",19,".",1.37318,3.82372,1.98694,4,"Promoter (<=1kb)",14,302680,303402,723,1,"YNL178W","YNL178W",420
"chrXIV",442687,442882,196,"*","macs_SRR500623_SRR500631_Hog1IP_mockIP_KCI_peak_185",95,".",1.8587,12.038,9.56174,124,"Promoter (<=1kb)",14,441366,442358,993,2,"YNL097C","YNL097C",-329
"chrXIV",502303,502562,260,"*","macs_SRR500623_SRR500631_Hog1IP_mockIP_KCI_peak_186",51,".",1.57983,7.33115,5.14618,115,"Promoter (<=1kb)",14,501515,502777,1263,1,"YNL066W","YNL066W",788
"chrXIV",576157,576587,431,"*","macs_SRR500623_SRR500631_Hog1IP_mockIP_KCI_peak_187",115,".",2.08998,14.1255,11.5485,212,"Promoter (<=1kb)",14,575640,576050,411,2,"YNL031C","YNL031C",-107
"chrXIV",577114,577340,227,"*","macs_SRR500623_SRR500631_Hog1IP_mockIP_KCI_peak_188",57,".",1.55295,8.02567,5.79077,180,"Promoter (<=1kb)",14,576727,577038,312,1,"YNL030W","YNL030W",387
"chrXIV",689553,689875,323,"*","macs_SRR500623_SRR500631_Hog1IP_mockIP_KCI_peak_189",44,".",1.56831,6.59223,4.46604,175,"Promoter (<=1kb)",14,690321,691286,966,1,"YNR034W","YNR034W",-446
"chrXIV",716202,716434,233,"*","macs_SRR500623_SRR500631_Hog1IP_mockIP_KCI_peak_190",16,".",1.38944,3.47317,1.68862,95,"Promoter (<=1kb)",14,714048,715388,1341,2,"YNR050C","YNR050C",-814
"chrXIV",738966,740186,1221,"*","macs_SRR500623_SRR500631_Hog1IP_mockIP_KCI_peak_191",185,".",2.23893,21.3497,18.5108,630,"Promoter (<=1kb)",14,739951,742110,2160,1,"YNR060W","YNR060W",0
"chrXIV",784050,784333,284,"*","macs_SRR500623_SRR500631_Hog1IP_mockIP_KCI_peak_192",70,".",2.5782,9.34385,7.01995,194,"Promoter (<=1kb)",14,783287,783541,255,2,"YNR077C","YNR077C",-509
"chrXV",1,737,737,"*","macs_SRR500623_SRR500631_Hog1IP_mockIP_KCI_peak_193",132,".",2.34916,15.891,13.2415,209,"Promoter (<=1kb)",15,585,740,156,1,"YOL166W-A","YOL166W-A",0
"chrXV",42363,43001,639,"*","macs_SRR500623_SRR500631_Hog1IP_mockIP_KCI_peak_194",44,".",1.5613,6.52715,4.40611,303,"Promoter (<=1kb)",15,43694,44722,1029,1,"YOL151W","YOL151W",-693
"chrXV",43525,44169,645,"*","macs_SRR500623_SRR500631_Hog1IP_mockIP_KCI_peak_195",135,".",1.73357,16.2426,13.579,387,"Promoter (<=1kb)",15,43694,44722,1029,1,"YOL151W","YOL151W",0
"chrXV",44318,44938,621,"*","macs_SRR500623_SRR500631_Hog1IP_mockIP_KCI_peak_196",39,".",1.35844,6.06086,3.98061,132,"Promoter (<=1kb)",15,44938,45633,696,1,"YOL149W","YOL149W",0
"chrXV",110884,111085,202,"*","macs_SRR500623_SRR500631_Hog1IP_mockIP_KCI_peak_197",103,".",1.75862,12.8592,10.3418,161,"Promoter (<=1kb)",15,110297,110638,342,1,"YOL109W","YOL109W",587
"chrXV",159349,159628,280,"*","macs_SRR500623_SRR500631_Hog1IP_mockIP_KCI_peak_198",51,".",1.54162,7.2983,5.11608,30,"Promoter (<=1kb)",15,159173,159445,273,1,"YOL086W-A","YOL086W-A",176
"chrXV",159789,159985,197,"*","macs_SRR500623_SRR500631_Hog1IP_mockIP_KCI_peak_199",20,".",1.30099,3.8704,2.02732,20,"Promoter (<=1kb)",15,159548,160594,1047,2,"YOL086C","YOL086C",609
"chrXV",161014,161699,686,"*","macs_SRR500623_SRR500631_Hog1IP_mockIP_KCI_peak_200",34,".",1.43154,5.43936,3.41634,518,"Promoter (<=1kb)",15,161579,161791,213,1,"YOL085W-A","YOL085W-A",0
"chrXV",161983,162425,443,"*","macs_SRR500623_SRR500631_Hog1IP_mockIP_KCI_peak_201",162,".",2.00461,19.0025,16.2411,272,"Promoter (<=1kb)",15,162356,165331,2976,1,"YOL084W","YOL084W",0
"chrXV",162563,162766,204,"*","macs_SRR500623_SRR500631_Hog1IP_mockIP_KCI_peak_202",32,".",1.39014,5.27401,3.26692,140,"Promoter (<=1kb)",15,162356,165331,2976,1,"YOL084W","YOL084W",207
"chrXV",215532,215813,282,"*","macs_SRR500623_SRR500631_Hog1IP_mockIP_KCI_peak_203",47,".",1.56246,6.93252,4.77925,205,"Promoter (<=1kb)",15,214017,216137,2121,2,"YOL060C","YOL060C",324
"chrXV",226560,226758,199,"*","macs_SRR500623_SRR500631_Hog1IP_mockIP_KCI_peak_204",109,".",1.9455,13.4555,10.908,140,"Promoter (<=1kb)",15,224420,226075,1656,2,"YOL055C","YOL055C",-485
"chrXV",274634,274835,202,"*","macs_SRR500623_SRR500631_Hog1IP_mockIP_KCI_peak_205",58,".",1.59829,8.14106,5.89788,17,"Promoter (<=1kb)",15,274957,276939,1983,1,"YOL025W","YOL025W",-122
"chrXV",282097,282298,202,"*","macs_SRR500623_SRR500631_Hog1IP_mockIP_KCI_peak_206",92,".",1.82932,11.6662,9.20922,55,"Promoter (<=1kb)",15,280272,281498,1227,2,"YOL022C","YOL022C",-599
"chrXV",301040,301261,222,"*","macs_SRR500623_SRR500631_Hog1IP_mockIP_KCI_peak_207",98,".",1.80334,12.3639,9.87212,52,"Promoter (<=1kb)",15,301047,301238,192,1,"YOL013W-A","YOL013W-A",0
"chrXV",316035,316230,196,"*","macs_SRR500623_SRR500631_Hog1IP_mockIP_KCI_peak_208",26,".",1.44822,4.63839,2.69977,46,"Promoter (<=1kb)",15,315813,316175,363,2,"YOL005C","YOL005C",0
"chrXV",318590,318798,209,"*","macs_SRR500623_SRR500631_Hog1IP_mockIP_KCI_peak_209",35,".",1.49829,5.63452,3.59279,187,"Promoter (1-2kb)",15,316938,321548,4611,1,"YOL004W","YOL004W",1652
"chrXV",340239,340435,197,"*","macs_SRR500623_SRR500631_Hog1IP_mockIP_KCI_peak_210",80,".",1.79822,10.4288,8.03905,60,"Promoter (<=1kb)",15,338938,339978,1041,2,"YOR007C","YOR007C",-261
"chrXV",380995,381362,368,"*","macs_SRR500623_SRR500631_Hog1IP_mockIP_KCI_peak_211",14,".",1.3005,3.21189,1.47148,367,"Promoter (<=1kb)",15,381053,382822,1770,1,"YOR027W","YOR027W",0
"chrXV",382684,383713,1030,"*","macs_SRR500623_SRR500631_Hog1IP_mockIP_KCI_peak_212",358,".",2.50733,39.0744,35.8067,395,"Promoter (<=1kb)",15,383533,384420,888,2,"YOR028C","YOR028C",707
"chrXV",383880,384113,234,"*","macs_SRR500623_SRR500631_Hog1IP_mockIP_KCI_peak_213",44,".",1.43488,6.56965,4.44505,85,"Promoter (<=1kb)",15,383533,384420,888,2,"YOR028C","YOR028C",307
"chrXV",384236,384986,751,"*","macs_SRR500623_SRR500631_Hog1IP_mockIP_KCI_peak_214",84,".",1.747,10.8767,8.46121,184,"Promoter (<=1kb)",15,383533,384420,888,2,"YOR028C","YOR028C",0
"chrXV",385326,385545,220,"*","macs_SRR500623_SRR500631_Hog1IP_mockIP_KCI_peak_215",27,".",1.46444,4.67699,2.73392,52,"Promoter (<=1kb)",15,384600,384935,336,1,"YOR029W","YOR029W",726
"chrXV",429193,429432,240,"*","macs_SRR500623_SRR500631_Hog1IP_mockIP_KCI_peak_216",28,".",1.43602,4.79819,2.84139,175,"Promoter (<=1kb)",15,429478,429912,435,1,"YOR055W","YOR055W",-46
"chrXV",430642,430949,308,"*","macs_SRR500623_SRR500631_Hog1IP_mockIP_KCI_peak_217",59,".",1.67515,8.20501,5.95716,150,"Promoter (<=1kb)",15,430247,431626,1380,2,"YOR056C","YOR056C",677
"chrXV",442837,443622,786,"*","macs_SRR500623_SRR500631_Hog1IP_mockIP_KCI_peak_218",82,".",1.6462,10.6415,8.23967,424,"Promoter (<=1kb)",15,442725,443531,807,2,"YOR062C","YOR062C",0
"chrXV",443913,444298,386,"*","macs_SRR500623_SRR500631_Hog1IP_mockIP_KCI_peak_219",69,".",1.71839,9.2549,6.93715,143,"Promoter (<=1kb)",15,442725,443531,807,2,"YOR062C","YOR062C",-382
"chrXV",444647,445141,495,"*","macs_SRR500623_SRR500631_Hog1IP_mockIP_KCI_peak_220",22,".",1.36212,4.18004,2.29635,317,"Promoter (<=1kb)",15,444686,445849,1164,1,"YOR063W","YOR063W",0
"chrXV",445303,445781,479,"*","macs_SRR500623_SRR500631_Hog1IP_mockIP_KCI_peak_221",62,".",1.56744,8.53795,6.26739,203,"Promoter (<=1kb)",15,444686,445849,1164,1,"YOR063W","YOR063W",617
"chrXV",493920,494720,801,"*","macs_SRR500623_SRR500631_Hog1IP_mockIP_KCI_peak_222",55,".",1.63588,7.79163,5.57297,636,"Promoter (<=1kb)",15,495127,496968,1842,1,"YOR092W","YOR092W",-407
"chrXV",571877,572072,196,"*","macs_SRR500623_SRR500631_Hog1IP_mockIP_KCI_peak_223",105,".",1.99007,13.0415,10.5152,69,"Promoter (<=1kb)",15,572182,572838,657,2,"YOR131C","YOR131C",766
"chrXV",638432,639179,748,"*","macs_SRR500623_SRR500631_Hog1IP_mockIP_KCI_peak_224",20,".",1.29791,3.94832,2.09467,24,"Promoter (<=1kb)",15,636939,638558,1620,2,"YOR161C","YOR161C",0
"chrXV",663747,663946,200,"*","macs_SRR500623_SRR500631_Hog1IP_mockIP_KCI_peak_225",88,".",1.86821,11.2792,8.84209,151,"Promoter (1-2kb)",15,662401,663582,1182,1,"YOR176W","YOR176W",1346
"chrXV",676984,677219,236,"*","macs_SRR500623_SRR500631_Hog1IP_mockIP_KCI_peak_226",46,".",1.58831,6.76557,4.62506,131,"Promoter (1-2kb)",15,675939,677840,1902,1,"YOR181W","YOR181W",1045
"chrXV",780496,780980,485,"*","macs_SRR500623_SRR500631_Hog1IP_mockIP_KCI_peak_227",69,".",1.5469,9.23895,6.92212,273,"Promoter (<=1kb)",15,780906,781541,636,1,"YOR236W","YOR236W",0
"chrXV",796480,797578,1099,"*","macs_SRR500623_SRR500631_Hog1IP_mockIP_KCI_peak_228",448,".",3.00246,48.3175,44.8456,707,"Promoter (<=1kb)",15,795801,796793,993,2,"YOR246C","YOR246C",0
"chrXV",797637,797900,264,"*","macs_SRR500623_SRR500631_Hog1IP_mockIP_KCI_peak_229",45,".",1.46475,6.69476,4.56013,187,"Promoter (<=1kb)",15,797676,798308,633,1,"YOR247W","YOR247W",0
"chrXV",908163,909136,974,"*","macs_SRR500623_SRR500631_Hog1IP_mockIP_KCI_peak_230",656,".",3.49943,70.6205,65.6543,546,"Promoter (<=1kb)",15,909343,911445,2103,1,"YOR317W","YOR317W",-207
"chrXV",909305,909581,277,"*","macs_SRR500623_SRR500631_Hog1IP_mockIP_KCI_peak_231",30,".",1.43726,5.02926,3.0472,160,"Promoter (<=1kb)",15,909343,911445,2103,1,"YOR317W","YOR317W",0
"chrXV",909617,910172,556,"*","macs_SRR500623_SRR500631_Hog1IP_mockIP_KCI_peak_232",76,".",1.63885,9.97432,7.61228,182,"Promoter (<=1kb)",15,909343,911445,2103,1,"YOR317W","YOR317W",274
"chrXV",911444,912280,837,"*","macs_SRR500623_SRR500631_Hog1IP_mockIP_KCI_peak_233",94,".",1.82715,11.8942,9.42488,622,"Promoter (<=1kb)",15,911784,912436,653,2,"YOR318C","YOR318C",156
"chrXV",976377,976708,332,"*","macs_SRR500623_SRR500631_Hog1IP_mockIP_KCI_peak_234",156,".",2.10454,18.3989,15.6581,134,"Promoter (1-2kb)",15,977194,978069,876,2,"YOR344C","YOR344C",1361
"chrXV",977991,978389,399,"*","macs_SRR500623_SRR500631_Hog1IP_mockIP_KCI_peak_235",16,".",1.33995,3.47084,1.68673,16,"Promoter (<=1kb)",15,977194,978069,876,2,"YOR344C","YOR344C",0
"chrXV",978429,979774,1346,"*","macs_SRR500623_SRR500631_Hog1IP_mockIP_KCI_peak_236",690,".",4.28732,75.0269,69.085,500,"Promoter (<=1kb)",15,977194,978069,876,2,"YOR344C","YOR344C",-360
"chrXV",987882,989556,1675,"*","macs_SRR500623_SRR500631_Hog1IP_mockIP_KCI_peak_237",470,".",2.84072,50.5809,47.0273,1372,"Promoter (<=1kb)",15,986899,988782,1884,2,"YOR348C","YOR348C",0
"chrXVI",131864,132330,467,"*","macs_SRR500623_SRR500631_Hog1IP_mockIP_KCI_peak_238",86,".",1.69094,11.0935,8.66651,223,"Promoter (<=1kb)",16,131870,132115,246,2,"YPL222C-A","YPL222C-A",0
"chrXVI",132969,133417,449,"*","macs_SRR500623_SRR500631_Hog1IP_mockIP_KCI_peak_239",35,".",1.42319,5.6037,3.56491,235,"Promoter (<=1kb)",16,133043,135424,2382,1,"YPL221W","YPL221W",0
"chrXVI",338812,339019,208,"*","macs_SRR500623_SRR500631_Hog1IP_mockIP_KCI_peak_240",121,".",2.00874,14.7987,12.1935,123,"Promoter (<=1kb)",16,337436,338620,1185,2,"YPL112C","YPL112C",-192
"chrXVI",340577,340871,295,"*","macs_SRR500623_SRR500631_Hog1IP_mockIP_KCI_peak_241",118,".",1.94165,14.4142,11.8255,156,"Promoter (<=1kb)",16,339944,340945,1002,1,"YPL111W","YPL111W",633
"chrXVI",431323,432720,1398,"*","macs_SRR500623_SRR500631_Hog1IP_mockIP_KCI_peak_242",66,".",1.40505,8.96398,6.66487,1327,"Promoter (<=1kb)",16,432588,434090,1503,1,"YPL061W","YPL061W",0
"chrXVI",434052,434299,248,"*","macs_SRR500623_SRR500631_Hog1IP_mockIP_KCI_peak_243",13,".",1.192,3.00936,1.30705,0,"Promoter (<=1kb)",16,434523,435764,1242,1,"YPL060W","YPL060W",-224
"chrXVI",452491,452700,210,"*","macs_SRR500623_SRR500631_Hog1IP_mockIP_KCI_peak_244",35,".",1.44263,5.62437,3.58358,56,"Promoter (<=1kb)",16,451909,453057,1149,2,"YPL057C","YPL057C",357
"chrXVI",453538,453755,218,"*","macs_SRR500623_SRR500631_Hog1IP_mockIP_KCI_peak_245",38,".",1.56907,5.93018,3.86134,63,"Promoter (<=1kb)",16,453430,453735,306,2,"YPL056C","YPL056C",0
"chrXVI",454317,454601,285,"*","macs_SRR500623_SRR500631_Hog1IP_mockIP_KCI_peak_246",40,".",1.47395,6.18472,4.09307,155,"Promoter (<=1kb)",16,453992,454990,999,2,"YPL055C","YPL055C",389
"chrXVI",502932,503206,275,"*","macs_SRR500623_SRR500631_Hog1IP_mockIP_KCI_peak_247",90,".",1.85258,11.448,9.00149,141,"Promoter (<=1kb)",16,502473,503030,558,2,"YPL025C","YPL025C",0
"chrXVI",572200,572396,197,"*","macs_SRR500623_SRR500631_Hog1IP_mockIP_KCI_peak_248",49,".",1.46937,7.07772,4.91333,164,"Promoter (<=1kb)",16,573018,575102,2085,1,"YPR008W","YPR008W",-622
"chrXVI",581998,582195,198,"*","macs_SRR500623_SRR500631_Hog1IP_mockIP_KCI_peak_249",53,".",1.63971,7.52409,5.32498,154,"Promoter (<=1kb)",16,582373,582734,362,2,"YPR010C-A","YPR010C-A",539
"chrXVI",622472,622684,213,"*","macs_SRR500623_SRR500631_Hog1IP_mockIP_KCI_peak_250",100,".",1.89019,12.5072,10.0087,169,"Promoter (<=1kb)",16,623527,624202,676,1,"YPR028W","YPR028W",-843
"chrXVI",645258,645931,674,"*","macs_SRR500623_SRR500631_Hog1IP_mockIP_KCI_peak_251",25,".",1.3475,4.50094,2.57832,653,"Promoter (<=1kb)",16,645950,646153,204,1,"YPR036W-A","YPR036W-A",-19
"chrXVI",678578,679321,744,"*","macs_SRR500623_SRR500631_Hog1IP_mockIP_KCI_peak_252",248,".",2.40407,27.9123,24.883,445,"Promoter (<=1kb)",16,678951,679370,420,1,"YPR064W","YPR064W",0
"chrXVI",689501,689696,196,"*","macs_SRR500623_SRR500631_Hog1IP_mockIP_KCI_peak_253",45,".",1.52667,6.68439,4.55072,155,"Promoter (<=1kb)",16,690107,691789,1683,1,"YPR072W","YPR072W",-411
"chrXVI",744218,744413,196,"*","macs_SRR500623_SRR500631_Hog1IP_mockIP_KCI_peak_254",72,".",1.68868,9.60272,7.26305,49,"Promoter (<=1kb)",16,744175,744387,213,1,"YPR108W-A","YPR108W-A",43
"chrXVI",828382,828597,216,"*","macs_SRR500623_SRR500631_Hog1IP_mockIP_KCI_peak_255",25,".",1.4529,4.41692,2.50419,110,"Promoter (<=1kb)",16,826833,828140,1308,2,"YPR148C","YPR148C",-242
"chrXVI",828641,830209,1569,"*","macs_SRR500623_SRR500631_Hog1IP_mockIP_KCI_peak_256",589,".",3.30528,63.0454,58.9487,639,"Promoter (<=1kb)",16,829918,830439,522,1,"YPR149W","YPR149W",0
"chrXVI",830645,831330,686,"*","macs_SRR500623_SRR500631_Hog1IP_mockIP_KCI_peak_257",59,".",1.59047,8.21065,5.96233,275,"Promoter (<=1kb)",16,830999,831520,522,1,"YPR150W","YPR150W",0
"chrXVI",831941,832281,341,"*","macs_SRR500623_SRR500631_Hog1IP_mockIP_KCI_peak_258",26,".",1.42293,4.61336,2.67754,293,"Promoter (<=1kb)",16,831055,831675,621,2,"YPR151C","YPR151C",-266
"chrXVI",900864,901089,226,"*","macs_SRR500623_SRR500631_Hog1IP_mockIP_KCI_peak_259",58,".",1.67011,8.12783,5.88543,151,"Promoter (<=1kb)",16,900755,901558,804,1,"YPR183W","YPR183W",109
"chrXVI",922387,922584,198,"*","macs_SRR500623_SRR500631_Hog1IP_mockIP_KCI_peak_260",56,".",1.67837,7.89872,5.67251,114,"Promoter (<=1kb)",16,921860,922777,918,1,"YPR192W","YPR192W",527
"chrM",457,1917,1461,"*","macs_SRR500623_SRR500631_Hog1IP_mockIP_KCI_peak_261",287,".",3.87536,31.8457,28.7213,401,"Promoter (2-3kb)",17,3952,4338,387,1,"Q0010","Q0010",-2035
"chrM",1957,2712,756,"*","macs_SRR500623_SRR500631_Hog1IP_mockIP_KCI_peak_262",34,".",1.76393,5.47831,3.45157,403,"Promoter (1-2kb)",17,3952,4338,387,1,"Q0010","Q0010",-1240
"chrM",3480,3711,232,"*","macs_SRR500623_SRR500631_Hog1IP_mockIP_KCI_peak_263",131,".",3.1942,15.7453,13.1013,146,"Promoter (<=1kb)",17,3952,4338,387,1,"Q0010","Q0010",-241
"chrM",4869,5431,563,"*","macs_SRR500623_SRR500631_Hog1IP_mockIP_KCI_peak_264",33,".",1.64988,5.41489,3.39405,378,"Promoter (<=1kb)",17,4254,4415,162,1,"Q0010","Q0017",615
"chrM",6634,6989,356,"*","macs_SRR500623_SRR500631_Hog1IP_mockIP_KCI_peak_265",138,".",1.88825,16.4835,13.8109,190,"Promoter (2-3kb)",17,4254,4415,162,1,"Q0010","Q0017",2380
"chrM",7043,8270,1228,"*","macs_SRR500623_SRR500631_Hog1IP_mockIP_KCI_peak_266",261,".",2.12875,29.2426,26.1771,502,"Promoter (2-3kb)",17,4254,4415,162,1,"Q0010","Q0017",2789
"chrM",8789,8998,210,"*","macs_SRR500623_SRR500631_Hog1IP_mockIP_KCI_peak_267",38,".",2.1198,5.94876,3.87821,154,"Promoter (2-3kb)",17,11667,11957,291,1,"Q0032","Q0032",-2669
"chrM",19140,19626,487,"*","macs_SRR500623_SRR500631_Hog1IP_mockIP_KCI_peak_268",62,".",1.54018,8.50785,6.23941,202,"Exon (Q0060/Q0055, exon 3 of 3)",17,24156,25255,1100,1,"Q0075","Q0075",-4530
"chrM",19971,20266,296,"*","macs_SRR500623_SRR500631_Hog1IP_mockIP_KCI_peak_269",60,".",1.54251,8.26488,6.01313,163,"Exon (Q0060/Q0055, exon 3 of 3)",17,24156,25255,1100,1,"Q0075","Q0075",-3890
"chrM",22461,22955,495,"*","macs_SRR500623_SRR500631_Hog1IP_mockIP_KCI_peak_270",132,".",1.95307,15.9055,13.2556,338,"Promoter (1-2kb)",17,24156,25255,1100,1,"Q0075","Q0075",-1201
"chrM",23214,23458,245,"*","macs_SRR500623_SRR500631_Hog1IP_mockIP_KCI_peak_271",87,".",1.82107,11.1936,8.76064,79,"Promoter (<=1kb)",17,24156,25255,1100,1,"Q0075","Q0075",-698
"chrM",24401,24731,331,"*","macs_SRR500623_SRR500631_Hog1IP_mockIP_KCI_peak_272",94,".",1.91506,11.9449,9.47356,120,"Promoter (<=1kb)",17,24156,25255,1100,1,"Q0075","Q0075",245
"chrM",24913,25725,813,"*","macs_SRR500623_SRR500631_Hog1IP_mockIP_KCI_peak_273",140,".",2.00834,16.7698,14.0879,487,"Promoter (<=1kb)",17,24156,25255,1100,1,"Q0075","Q0075",757
"chrM",28444,28751,308,"*","macs_SRR500623_SRR500631_Hog1IP_mockIP_KCI_peak_274",89,".",1.7339,11.3688,8.92672,250,"Promoter (<=1kb)",17,28487,29266,780,1,"Q0085","Q0085",0
"chrM",30971,31321,351,"*","macs_SRR500623_SRR500631_Hog1IP_mockIP_KCI_peak_275",43,".",1.48206,6.4783,4.36191,265,"Promoter (<=1kb)",17,30874,31014,141,1,"Q0092","Q0092",97
"chrM",31689,31920,232,"*","macs_SRR500623_SRR500631_Hog1IP_mockIP_KCI_peak_276",95,".",1.80268,12.0326,9.55655,60,"Promoter (<=1kb)",17,30874,31014,141,1,"Q0092","Q0092",815
"chrM",32987,33591,605,"*","macs_SRR500623_SRR500631_Hog1IP_mockIP_KCI_peak_277",130,".",2.59341,15.7156,13.073,144,"Promoter (2-3kb)",17,30874,31014,141,1,"Q0092","Q0092",2113
"chrM",34360,34559,200,"*","macs_SRR500623_SRR500631_Hog1IP_mockIP_KCI_peak_278",61,".",2.12766,8.41173,6.14973,150,"Promoter (1-2kb)",17,36540,38579,2040,1,"Q0120","Q0110",-1981
"chrM",35322,35550,229,"*","macs_SRR500623_SRR500631_Hog1IP_mockIP_KCI_peak_279",45,".",1.75371,6.70407,4.56856,98,"Promoter (<=1kb)",17,36540,38579,2040,1,"Q0120","Q0110",-990
"chrM",37149,37632,484,"*","macs_SRR500623_SRR500631_Hog1IP_mockIP_KCI_peak_280",19,".",1.34465,3.79097,1.95894,478,"Promoter (<=1kb)",17,36540,43647,7108,1,"Q0120","Q0105",609
"chrM",37958,38229,272,"*","macs_SRR500623_SRR500631_Hog1IP_mockIP_KCI_peak_281",36,".",1.45089,5.67969,3.63385,220,"Promoter (1-2kb)",17,36540,43647,7108,1,"Q0120","Q0105",1418
"chrM",38337,40195,1859,"*","macs_SRR500623_SRR500631_Hog1IP_mockIP_KCI_peak_282",27,".",1.38453,4.7166,2.76887,15,"Promoter (1-2kb)",17,36540,43647,7108,1,"Q0120","Q0105",1797
"chrM",42011,42584,574,"*","macs_SRR500623_SRR500631_Hog1IP_mockIP_KCI_peak_283",16,".",1.31531,3.46287,1.67978,3,"Exon (Q0120/Q0120, exon 4 of 4)",17,46723,46953,231,1,"Q0130","Q0130",-4139
"chrM",44115,44654,540,"*","macs_SRR500623_SRR500631_Hog1IP_mockIP_KCI_peak_284",66,".",1.58775,8.98387,6.68361,346,"Promoter (2-3kb)",17,46723,46953,231,1,"Q0130","Q0130",-2069
"chrM",45567,45891,325,"*","macs_SRR500623_SRR500631_Hog1IP_mockIP_KCI_peak_285",203,".",2.92872,23.2528,20.3561,157,"Promoter (<=1kb)",17,46723,46953,231,1,"Q0130","Q0130",-832
"chrM",49451,50142,692,"*","macs_SRR500623_SRR500631_Hog1IP_mockIP_KCI_peak_286",361,".",6.32266,39.4063,36.1318,473,"Promoter (<=1kb)",17,48901,50097,1197,1,"Q0140","Q0140",550
"chrM",50447,50831,385,"*","macs_SRR500623_SRR500631_Hog1IP_mockIP_KCI_peak_287",60,".",2.30459,8.29438,6.0405,267,"Promoter (<=1kb)",17,51052,51228,177,1,"Q0142","Q0142",-221
"chrM",50964,51564,601,"*","macs_SRR500623_SRR500631_Hog1IP_mockIP_KCI_peak_288",179,".",2.91422,20.7266,17.9088,347,"Promoter (<=1kb)",17,51052,51228,177,1,"Q0142","Q0142",0
"chrM",52173,52413,241,"*","macs_SRR500623_SRR500631_Hog1IP_mockIP_KCI_peak_289",95,".",4.03568,11.9887,9.51507,117,"Promoter (<=1kb)",17,51277,51429,153,1,"Q0143","Q0143",896
"chrM",53041,53439,399,"*","macs_SRR500623_SRR500631_Hog1IP_mockIP_KCI_peak_290",108,".",4.2913,13.4143,10.8694,219,"Promoter (<=1kb)",17,54109,54438,330,1,"Q0144","Q0144",-670
"chrM",53479,54362,884,"*","macs_SRR500623_SRR500631_Hog1IP_mockIP_KCI_peak_291",389,".",5.81188,42.3402,38.9971,295,"Promoter (<=1kb)",17,54109,54438,330,1,"Q0144","Q0144",0
"chrM",58093,59121,1029,"*","macs_SRR500623_SRR500631_Hog1IP_mockIP_KCI_peak_292",219,".",2.03535,24.9341,21.9892,289,"Promoter (1-2kb)",17,61022,61729,708,1,"Q0160","Q0160",-1901
"chrM",59162,59403,242,"*","macs_SRR500623_SRR500631_Hog1IP_mockIP_KCI_peak_293",119,".",1.93821,14.5069,11.9142,164,"Promoter (1-2kb)",17,61022,61729,708,1,"Q0160","Q0160",-1619
"chrM",59694,60169,476,"*","macs_SRR500623_SRR500631_Hog1IP_mockIP_KCI_peak_294",33,".",1.28747,5.34321,3.32893,180,"Promoter (<=1kb)",17,61022,61729,708,1,"Q0160","Q0160",-853
"chrM",60709,61134,426,"*","macs_SRR500623_SRR500631_Hog1IP_mockIP_KCI_peak_295",54,".",1.40166,7.67008,5.46083,78,"Promoter (<=1kb)",17,61022,61729,708,1,"Q0160","Q0160",0
"chrM",61318,61549,232,"*","macs_SRR500623_SRR500631_Hog1IP_mockIP_KCI_peak_296",24,".",1.28591,4.34404,2.43996,9,"Promoter (<=1kb)",17,61022,61729,708,1,"Q0160","Q0160",296
"chrM",62406,62637,232,"*","macs_SRR500623_SRR500631_Hog1IP_mockIP_KCI_peak_297",164,".",2.26118,19.181,16.4129,114,"Promoter (1-2kb)",17,61022,61729,708,1,"Q0160","Q0160",1384
"chrM",64452,64683,232,"*","macs_SRR500623_SRR500631_Hog1IP_mockIP_KCI_peak_298",87,".",2.09479,11.1306,8.70131,121,"Promoter (1-2kb)",17,65770,66174,405,1,"Q0182","Q0182",-1087
"chrM",65682,66399,718,"*","macs_SRR500623_SRR500631_Hog1IP_mockIP_KCI_peak_299",191,".",2.7446,22.005,19.1467,544,"Promoter (<=1kb)",17,65770,66174,405,1,"Q0182","Q0182",0
"chrM",66722,66972,251,"*","macs_SRR500623_SRR500631_Hog1IP_mockIP_KCI_peak_300",19,".",1.55266,3.75581,1.92874,248,"Promoter (<=1kb)",17,65770,66174,405,1,"Q0182","Q0182",952
"chrM",67275,67611,337,"*","macs_SRR500623_SRR500631_Hog1IP_mockIP_KCI_peak_301",268,".",3.27925,29.907,26.8268,161,"Promoter (1-2kb)",17,65770,66174,405,1,"Q0182","Q0182",1505
"chrM",67880,68114,235,"*","macs_SRR500623_SRR500631_Hog1IP_mockIP_KCI_peak_302",165,".",4.09199,19.3258,16.5528,72,"Promoter (2-3kb)",17,65770,66174,405,1,"Q0182","Q0182",2110
"chrM",68207,68494,288,"*","macs_SRR500623_SRR500631_Hog1IP_mockIP_KCI_peak_303",96,".",2.47406,12.1592,9.67781,131,"Promoter (2-3kb)",17,65770,66174,405,1,"Q0182","Q0182",2437
"chrM",69137,69401,265,"*","macs_SRR500623_SRR500631_Hog1IP_mockIP_KCI_peak_304",13,".",1.43449,3.08735,1.3695,125,"Distal Intergenic",17,65770,66174,405,1,"Q0182","Q0182",3367
"chrM",70773,70993,221,"*","macs_SRR500623_SRR500631_Hog1IP_mockIP_KCI_peak_305",102,".",2.255,12.7456,10.2341,96,"Promoter (2-3kb)",17,73758,74513,756,1,"Q0255","Q0250",-2765
"chrM",71303,71554,252,"*","macs_SRR500623_SRR500631_Hog1IP_mockIP_KCI_peak_306",137,".",2.71285,16.4415,13.7706,155,"Promoter (2-3kb)",17,73758,74513,756,1,"Q0255","Q0250",-2204
"chrM",72571,72888,318,"*","macs_SRR500623_SRR500631_Hog1IP_mockIP_KCI_peak_307",215,".",3.06563,24.479,21.5462,135,"Promoter (<=1kb)",17,73758,74513,756,1,"Q0255","Q0250",-870
"chrM",73316,73522,207,"*","macs_SRR500623_SRR500631_Hog1IP_mockIP_KCI_peak_308",110,".",2.36806,13.6277,11.0729,131,"Promoter (<=1kb)",17,73758,74513,756,1,"Q0255","Q0250",-236
"chrM",74797,75176,380,"*","macs_SRR500623_SRR500631_Hog1IP_mockIP_KCI_peak_309",25,".",1.40601,4.5204,2.59544,370,"Promoter (<=1kb)",17,74495,75984,1490,1,"Q0255","Q0255",302
"chrM",75262,75919,658,"*","macs_SRR500623_SRR500631_Hog1IP_mockIP_KCI_peak_310",317,".",3.11141,34.9855,31.798,501,"Promoter (<=1kb)",17,74495,75984,1490,1,"Q0255","Q0255",767
"chrM",80488,80803,316,"*","macs_SRR500623_SRR500631_Hog1IP_mockIP_KCI_peak_311",112,".",2.51812,13.8114,11.2479,167,"Promoter (1-2kb)",17,79213,80022,810,1,"Q0275","Q0275",1275
"chrM",82843,83138,296,"*","macs_SRR500623_SRR500631_Hog1IP_mockIP_KCI_peak_312",105,".",2.5951,13.0434,10.5171,164,"Promoter (2-3kb)",17,85554,85709,156,1,"Q0297","Q0297",-2416
"chrM",83821,85715,1895,"*","macs_SRR500623_SRR500631_Hog1IP_mockIP_KCI_peak_313",149,".",2.84058,17.6726,14.9565,480,"Promoter (<=1kb)",17,85554,85709,156,1,"Q0297","Q0297",0
